{
  "lag_selection": {
    "aic": 15,
    "bic": 10
  },
  "aic": -8.301558707859467,
  "bic": -8.186599205768763,
  "lags": 3
}