{
  "aic": 9.029253801899499,
  "bic": 9.103581314841895,
  "lags": 3
}